S NO.,DISTRICT,STATION,DATE(YYYY-MM-DD),TIME (UTC),RAINFALL CUMULATIVE SINCE 0300 UTC (mm),TEMPERATURE ('C),TEMP DAY MIN MAX ('C),RH (%),WIND DIR (Deg),WIND SPEED (Kt),SLP (hPa),MSLP (hPa/gpm),SUNSHINE (HH.MM),BATTERY (Volts),GPS
"1","CUTTACK","CUTTACK","2019-02-07","00:00:00","0","18.9","","99","359","0","1035.1","1038.4","00.00","12.1","L"
"2","CUTTACK","CUTTACK","2019-02-07","01:00:00","0","17.9","","99","359","0","1036.3","1039.6","00.00","12.1","L"
"3","CUTTACK","CUTTACK","2019-02-07","02:00:00","0","19.1","","99","359","0","1036.7","1040.0","00.19","12.1","L"
"4","CUTTACK","CUTTACK","2019-02-07","03:00:00","0","23.1","17.9","84","359","0","1037.3","1040.5","01.19","12.4","L"
