S NO.,DISTRICT,STATION,DATE(YYYY-MM-DD),TIME (UTC),RAINFALL CUMULATIVE SINCE 0300 UTC (mm),TEMPERATURE ('C),TEMP DAY MIN MAX ('C),RH (%),WIND DIR (Deg),WIND SPEED (Kt),SLP (hPa),MSLP (hPa/gpm),SUNSHINE (HH.MM),BATTERY (Volts),GPS
"1","BILASPUR","BILASPUR","2019-02-07","03:00:00","0","21.9","","60","089","2","1008.5","1040.4","01.50","12.4","L"
"2","BILASPUR","BILASPUR","2019-02-07","04:00:00","0","23.6","","54","124","1","1008.8","1040.6","02.20","12.9","L"
"3","BILASPUR","BILASPUR","2019-02-07","09:00:00","0","29.7","","37","164","5","1004.0","1035.0","07.50","14.8","L"
"4","BILASPUR","BILASPUR","2019-02-07","10:00:00","0","29.6","","38","121","2","1003.8","1034.8","08.50","14.7","L"
