S NO.,DISTRICT,STATION,DATE(YYYY-MM-DD),TIME (UTC),RAINFALL CUMULATIVE SINCE 0300 UTC (mm),TEMPERATURE ('C),TEMP DAY MIN MAX ('C),RH (%),WIND DIR (Deg),WIND SPEED (Kt),SLP (hPa),MSLP (hPa/gpm),SUNSHINE (HH.MM),BATTERY (Volts),GPS
"1","THIRUVANANTHAPURAM","THIRUVANANTHAPURAM","2019-02-07","00:00:00","0","25.2","","100","80","6","1007.8","1014.7","04.00","12.0","L"
"2","THIRUVANANTHAPURAM","THIRUVANANTHAPURAM","2019-02-07","01:00:00","0","24.6","","100","92","6","1008.1","1015.0","05.00","12.0","L"
"3","THIRUVANANTHAPURAM","THIRUVANANTHAPURAM","2019-02-07","02:00:00","0","24.6","","100","54","5","1008.8","1015.7","06.00","12.0","L"
"4","THIRUVANANTHAPURAM","THIRUVANANTHAPURAM","2019-02-07","03:00:00","0","26.6","24.2","100","166","2","1009.5","1016.3","07.00","12.1","L"
"5","THIRUVANANTHAPURAM","THIRUVANANTHAPURAM","2019-02-07","04:00:00","0","29.6","","100","36","4","1010.1","1016.9","08.00","12.1","L"
"6","THIRUVANANTHAPURAM","THIRUVANANTHAPURAM","2019-02-07","05:00:00","0","31.6","","82","259","6","1010.2","1016.9","09.00","12.2","L"
"7","THIRUVANANTHAPURAM","THIRUVANANTHAPURAM","2019-02-07","06:00:00","0","32.2","","70","255","7","1009.6","1016.3","10.00","12.1","L"
"8","THIRUVANANTHAPURAM","THIRUVANANTHAPURAM","2019-02-07","07:00:00","0","32.6","","67","273","7","1008.7","1015.4","11.00","12.1","L"
"9","THIRUVANANTHAPURAM","THIRUVANANTHAPURAM","2019-02-07","08:00:00","0","32.7","","64","244","8","1007.7","1014.4","12.00","12.2","L"
"10","THIRUVANANTHAPURAM","THIRUVANANTHAPURAM","2019-02-07","09:00:00","0","32.5","","77","255","9","1006.8","1013.5","13.00","12.2","L"
"11","THIRUVANANTHAPURAM","THIRUVANANTHAPURAM","2019-02-07","10:00:00","0","31.6","","100","242","8","1006.4","1013.1","14.00","12.2","L"
"12","THIRUVANANTHAPURAM","THIRUVANANTHAPURAM","2019-02-07","11:00:00","0","31.4","","77","245","8","1006.7","1013.4","15.00","12.2","L"
"13","THIRUVANANTHAPURAM","THIRUVANANTHAPURAM","2019-02-07","12:00:00","0","29.0","32.9","99","275","7","1007.0","1013.8","16.00","12.2","L"
