S NO.,DISTRICT,STATION,DATE(YYYY-MM-DD),TIME (UTC),RAINFALL CUMULATIVE SINCE 0300 UTC (mm),TEMPERATURE ('C),TEMP DAY MIN MAX ('C),RH (%),WIND DIR (Deg),WIND SPEED (Kt),SLP (hPa),MSLP (hPa/gpm),SUNSHINE (HH.MM),BATTERY (Volts),GPS
"1","GOALPARA","GOALPARA","2019-02-07","00:00:00","0","12.9","","23","359","0","1007.5","1013.0","00.00","12.1","L"
"2","GOALPARA","GOALPARA","2019-02-07","01:00:00","0","12.4","","21","359","0","1008.6","1014.1","00.00","12.1","L"
"3","GOALPARA","GOALPARA","2019-02-07","02:00:00","0","14.5","","22","359","0","1009.6","1015.1","00.01","12.1","L"
"4","GOALPARA","GOALPARA","2019-02-07","07:00:00","0","27.5","","54","236","1","1007.8","1013.1","05.01","15.2","L"
